carrier,node,0,1,2,3,4,5,6,7,8,9,10,11,12,13,14
carbon,AT,0.0,0.0,0.0,0.0,0.0,0.0,0.0,0.0,0.0,0.0,0.0,0.0,0.0,0.0,0.0
carbon,BE,0.0,0.0,0.0,0.0,0.0,0.0,0.0,0.0,0.0,0.0,0.0,0.0,0.0,0.0,0.0
carbon,BG,0.0,0.0,0.0,0.0,0.0,0.0,0.0,0.0,0.0,0.0,0.0,0.0,0.0,0.0,0.0
carbon,CH,0.0,0.0,0.0,0.0,0.0,0.0,0.0,0.0,0.0,0.0,0.0,0.0,0.0,0.0,0.0
carbon,CZ,0.0,0.0,0.0,0.0,0.0,0.0,0.0,0.0,0.0,0.0,0.0,0.0,0.0,0.0,0.0
carbon,DE,0.0,0.0,0.0,0.0,0.0,0.0,0.0,0.0,0.0,0.0,0.0,0.0,0.0,0.0,0.0
carbon,DK,0.0,0.0,0.0,0.0,0.0,0.0,0.0,0.0,0.0,0.0,0.0,0.0,0.0,0.0,0.0
carbon,EE,0.0,0.0,0.0,0.0,0.0,0.0,0.0,0.0,0.0,0.0,0.0,0.0,0.0,0.0,0.0
carbon,EL,0.0,0.0,0.0,0.0,0.0,0.0,0.0,0.0,0.0,0.0,0.0,0.0,0.0,0.0,0.0
carbon,ES,0.0,0.0,0.0,0.0,0.0,0.0,0.0,0.0,0.0,0.0,0.0,0.0,0.0,0.0,0.0
carbon,FI,0.0,0.0,0.0,0.0,0.0,0.0,0.0,0.0,0.0,0.0,0.0,0.0,0.0,0.0,0.0
carbon,FR,0.0,0.0,0.0,0.0,0.0,0.0,0.0,0.0,0.0,0.0,0.0,0.0,0.0,0.0,0.0
carbon,HR,0.0,0.0,0.0,0.0,0.0,0.0,0.0,0.0,0.0,0.0,0.0,0.0,0.0,0.0,0.0
carbon,HU,0.0,0.0,0.0,0.0,0.0,0.0,0.0,0.0,0.0,0.0,0.0,0.0,0.0,0.0,0.0
carbon,IE,0.0,0.0,0.0,0.0,0.0,0.0,0.0,0.0,0.0,0.0,0.0,0.0,0.0,0.0,0.0
carbon,IT,0.0,0.0,0.0,0.0,0.0,0.0,0.0,0.0,0.0,0.0,0.0,0.0,0.0,0.0,0.0
carbon,LT,0.0,0.0,0.0,0.0,0.0,0.0,0.0,0.0,0.0,0.0,0.0,0.0,0.0,0.0,0.0
carbon,LU,0.0,0.0,0.0,0.0,0.0,0.0,0.0,0.0,0.0,0.0,0.0,0.0,0.0,0.0,0.0
carbon,LV,0.0,0.0,0.0,0.0,0.0,0.0,0.0,0.0,0.0,0.0,0.0,0.0,0.0,0.0,0.0
carbon,NL,0.0,0.0,0.0,0.0,0.0,0.0,0.0,0.0,0.0,0.0,0.0,0.0,0.0,0.0,0.0
carbon,NO,0.0,0.0,0.0,0.0,0.0,0.0,0.0,0.0,0.0,0.0,0.0,0.0,0.0,0.0,0.0
carbon,PL,0.0,0.0,0.0,0.0,0.0,0.0,0.0,0.0,0.0,0.0,0.0,0.0,0.0,0.0,0.0
carbon,PT,0.0,0.0,0.0,0.0,0.0,0.0,0.0,0.0,0.0,0.0,0.0,0.0,0.0,0.0,0.0
carbon,RO,0.0,0.0,0.0,0.0,0.0,0.0,0.0,0.0,0.0,0.0,0.0,0.0,0.0,0.0,0.0
carbon,SE,0.0,0.0,0.0,0.0,0.0,0.0,0.0,0.0,0.0,0.0,0.0,0.0,0.0,0.0,0.0
carbon,SI,0.0,0.0,0.0,0.0,0.0,0.0,0.0,0.0,0.0,0.0,0.0,0.0,0.0,0.0,0.0
carbon,SK,0.0,0.0,0.0,0.0,0.0,0.0,0.0,0.0,0.0,0.0,0.0,0.0,0.0,0.0,0.0
carbon,UK,0.0,0.0,0.0,0.0,0.0,0.0,0.0,0.0,0.0,0.0,0.0,0.0,0.0,0.0,0.0
electricity,AT,0.0,0.0,0.0,0.0,0.0,0.0,0.0,0.0,0.0,0.0,0.0,0.0,0.0,0.0,0.0
electricity,BE,0.0,0.0,0.0,0.0,0.0,0.0,0.0,0.0,0.0,0.0,0.0,0.0,0.0,0.0,0.0
electricity,BG,0.0,0.0,0.0,0.0,0.0,0.0,0.0,0.0,0.0,0.0,0.0,0.0,0.0,0.0,0.0
electricity,CH,0.0,0.0,0.0,0.0,0.0,0.0,0.0,0.0,0.0,0.0,0.0,0.0,0.0,0.0,0.0
electricity,CZ,0.0,0.0,0.0,0.0,0.0,0.0,0.0,0.0,0.0,0.0,0.0,0.0,0.0,0.0,0.0
electricity,DE,0.0,0.0,0.0,0.0,0.0,0.0,0.0,0.0,0.0,0.0,0.0,0.0,0.0,0.0,0.0
electricity,DK,0.0,0.0,0.0,0.0,0.0,0.0,0.0,0.0,0.0,0.0,0.0,0.0,0.0,0.0,0.0
electricity,EE,0.0,0.0,0.0,0.0,0.0,0.0,0.0,0.0,0.0,0.0,0.0,0.0,0.0,0.0,0.0
electricity,EL,0.0,0.0,0.0,0.0,0.0,0.0,0.0,0.0,0.0,0.0,0.0,0.0,0.0,0.0,0.0
electricity,ES,0.0,0.0,0.0,0.0,0.0,0.0,0.0,0.0,0.0,0.0,0.0,0.0,0.0,0.0,0.0
electricity,FI,0.0,0.0,0.0,0.0,0.0,0.0,0.0,0.0,0.0,0.0,0.0,0.0,0.0,0.0,0.0
electricity,FR,0.0,0.0,0.0,0.0,0.0,0.0,0.0,0.0,0.0,0.0,0.0,0.0,0.0,0.0,0.0
electricity,HR,0.0,0.0,0.0,0.0,0.0,0.0,0.0,0.0,0.0,0.0,0.0,0.0,0.0,0.0,0.0
electricity,HU,0.0,0.0,0.0,0.0,0.0,0.0,0.0,0.0,0.0,0.0,0.0,0.0,0.0,0.0,0.0
electricity,IE,0.0,0.0,0.0,0.0,0.0,0.0,0.0,0.0,0.0,0.0,0.0,0.0,0.0,0.0,0.0
electricity,IT,0.0,0.0,0.0,0.0,0.0,0.0,0.0,0.0,0.0,0.0,0.0,0.0,0.0,0.0,0.0
electricity,LT,0.0,0.0,0.0,0.0,0.0,0.0,0.0,0.0,0.0,0.0,0.0,0.0,0.0,0.0,0.0
electricity,LU,0.0,0.0,0.0,0.0,0.0,0.0,0.0,0.0,0.0,0.0,0.0,0.0,0.0,0.0,0.0
electricity,LV,0.0,0.0,0.0,0.0,0.0,0.0,0.0,0.0,0.0,0.0,0.0,0.0,0.0,0.0,0.0
electricity,NL,0.0,0.0,0.0,0.0,0.0,0.0,0.0,0.0,0.0,0.0,0.0,0.0,0.0,0.0,0.0
electricity,NO,0.0,0.0,0.0,0.0,0.0,0.0,0.0,0.0,0.0,0.0,0.0,0.0,0.0,0.0,0.0
electricity,PL,0.0,0.0,0.0,0.0,0.0,0.0,0.0,0.0,0.0,0.0,0.0,0.0,0.0,0.0,0.0
electricity,PT,0.0,0.0,0.0,0.0,0.0,0.0,0.0,0.0,0.0,0.0,0.0,0.0,0.0,0.0,0.0
electricity,RO,0.0,0.0,0.0,0.0,0.0,0.0,0.0,0.0,0.0,0.0,0.0,0.0,0.0,0.0,0.0
electricity,SE,0.0,0.0,0.0,0.0,0.0,0.0,0.0,0.0,0.0,0.0,0.0,0.0,0.0,0.0,0.0
electricity,SI,0.0,0.0,0.0,0.0,0.0,0.0,0.0,0.0,0.0,0.0,0.0,0.0,0.0,0.0,0.0
electricity,SK,0.0,0.0,0.0,0.0,0.0,0.0,0.0,0.0,0.0,0.0,0.0,0.0,0.0,0.0,0.0
electricity,UK,0.0,0.0,0.0,0.0,0.0,0.0,0.0,0.0,0.0,0.0,0.0,0.0,0.0,0.0,0.0
heat,AT,0.0,0.0,0.0,0.0,0.0,0.0,0.0,0.0,0.0,0.0,0.0,0.0,0.0,0.0,0.0
heat,BE,0.0,0.0,0.0,0.0,0.0,0.0,0.0,0.0,0.0,0.0,0.0,0.0,0.0,0.0,0.0
heat,BG,0.0,0.0,0.0,0.0,0.0,0.0,0.0,0.0,0.0,0.0,0.0,0.0,0.0,0.0,0.0
heat,CH,0.0,0.0,0.0,0.0,0.0,0.0,0.0,0.0,0.0,0.0,0.0,0.0,0.0,0.0,0.0
heat,CZ,0.0,0.0,0.0,0.0,0.0,0.0,0.0,0.0,0.0,0.0,0.0,0.0,0.0,0.0,0.0
heat,DE,0.0,0.0,0.0,0.0,0.0,0.0,0.0,0.0,0.0,0.0,0.0,0.0,0.0,0.0,0.0
heat,DK,0.0,0.0,0.0,0.0,0.0,0.0,0.0,0.0,0.0,0.0,0.0,0.0,0.0,0.0,0.0
heat,EE,0.0,0.0,0.0,0.0,0.0,0.0,0.0,0.0,0.0,0.0,0.0,0.0,0.0,0.0,0.0
heat,EL,0.0,0.0,0.0,0.0,0.0,0.0,0.0,0.0,0.0,0.0,0.0,0.0,0.0,0.0,0.0
heat,ES,0.0,0.0,0.0,0.0,0.0,0.0,0.0,0.0,0.0,0.0,0.0,0.0,0.0,0.0,0.0
heat,FI,0.0,0.0,0.0,0.0,0.0,0.0,0.0,0.0,0.0,0.0,0.0,0.0,0.0,0.0,0.0
heat,FR,0.0,0.0,0.0,0.0,0.0,0.0,0.0,0.0,0.0,0.0,0.0,0.0,0.0,0.0,0.0
heat,HR,0.0,0.0,0.0,0.0,0.0,0.0,0.0,0.0,0.0,0.0,0.0,0.0,0.0,0.0,0.0
heat,HU,0.0,0.0,0.0,0.0,0.0,0.0,0.0,0.0,0.0,0.0,0.0,0.0,0.0,0.0,0.0
heat,IE,0.0,0.0,0.0,0.0,0.0,0.0,0.0,0.0,0.0,0.0,0.0,0.0,0.0,0.0,0.0
heat,IT,0.0,0.0,0.0,0.0,0.0,0.0,0.0,0.0,0.0,0.0,0.0,0.0,0.0,0.0,0.0
heat,LT,0.0,0.0,0.0,0.0,0.0,0.0,0.0,0.0,0.0,0.0,0.0,0.0,0.0,0.0,0.0
heat,LU,0.0,0.0,0.0,0.0,0.0,0.0,0.0,0.0,0.0,0.0,0.0,0.0,0.0,0.0,0.0
heat,LV,0.0,0.0,0.0,0.0,0.0,0.0,0.0,0.0,0.0,0.0,0.0,0.0,0.0,0.0,0.0
heat,NL,0.0,0.0,0.0,0.0,0.0,0.0,0.0,0.0,0.0,0.0,0.0,0.0,0.0,0.0,0.0
heat,NO,0.0,0.0,0.0,0.0,0.0,0.0,0.0,0.0,0.0,0.0,0.0,0.0,0.0,0.0,0.0
heat,PL,0.0,0.0,0.0,0.0,0.0,0.0,0.0,0.0,0.0,0.0,0.0,0.0,0.0,0.0,0.0
heat,PT,0.0,0.0,0.0,0.0,0.0,0.0,0.0,0.0,0.0,0.0,0.0,0.0,0.0,0.0,0.0
heat,RO,0.0,0.0,0.0,0.0,0.0,0.0,0.0,0.0,0.0,0.0,0.0,0.0,0.0,0.0,0.0
heat,SE,0.0,0.0,0.0,0.0,0.0,0.0,0.0,0.0,0.0,0.0,0.0,0.0,0.0,0.0,0.0
heat,SI,0.0,0.0,0.0,0.0,0.0,0.0,0.0,0.0,0.0,0.0,0.0,0.0,0.0,0.0,0.0
heat,SK,0.0,0.0,0.0,0.0,0.0,0.0,0.0,0.0,0.0,0.0,0.0,0.0,0.0,0.0,0.0
heat,UK,0.0,0.0,0.0,0.0,0.0,0.0,0.0,0.0,0.0,0.0,0.0,0.0,0.0,0.0,0.0
biomass,AT,3.905730228765765,1.930441677335485,8.40443924689387e-08,4.4708556206580236e-08,5.83850737230322e-08,1.097679925647588e-07,2.8128784449577205e-07,0.02879750464594806,0.7260186598452149,0.6568718219499375,0.3706451534591695,2.9788933866040333e-07,3.0815901906849433e-07,0.11912699690770849,1.609329787942354
biomass,BE,0.7264140243782365,0.7024452029249827,1.4597466237706675e-07,4.726418747924171e-08,1.987027143340527e-07,3.2693814323302086e-07,0.06594765929880239,1.87145917344646e-07,0.01671250248538174,0.014730955939890508,0.013979138434879142,2.4607128278306753e-07,2.703534092249834e-07,1.8691416857668208,1.869142912661995
biomass,BG,1.9020908575795026,1.9928269411743357e-07,5.675843827490643e-08,4.7546726076110543e-08,6.296274771709697e-08,1.3429170554133808e-07,0.25972586308806256,0.43626057537418034,0.8402775666705056,0.40434759941209586,0.25400939490050306,0.15352249857937697,0.1535225198898353,0.15352307768117762,0.6890089077888103
biomass,CH,4.765593597842139,2.647181503983089,8.311436998708868e-08,4.454908873200873e-08,5.7351470141686026e-08,1.0501921057270178e-07,2.54237502817671e-07,0.03948949334491788,0.9841638256826541,0.8900044507272777,0.5021920286789194,2.8701630768733773e-07,3.182511073689731e-07,0.16140594230249075,1.6347927572108858
biomass,CZ,3.0299922959879195,2.260219690957093,1.0220454884609827e-07,4.5127129744790534e-08,7.581335313817921e-08,2.2774117313169437e-07,0.37006643125986954,0.650269561488563,0.45452263889670297,0.2675559225599527,0.2316214497612785,0.10827747402023594,0.10827748170851065,0.1082778747681944,0.10827834459316708
biomass,DE,10.856109302793266,8.079598990648732,1.6701238998969216e-07,1.6673435755560752e-07,4.12651954289682,3.149868989498825,3.1498689867740852,1.671849657430325,1.2416419699001808,0.18942868368157423,0.18942805318853967,0.1894281180849361,0.18942813498066238,0.18942960987170204,4.366204696562923
biomass,DK,1.3597697377309896,3.7329000375280875e-08,5.802121309736719e-08,6.715912198853458e-08,6.706070750019562e-08,6.680025565689627e-08,6.677212868901006e-08,7.720060840792213e-08,8.153344975509817e-08,7.974678185182593e-08,8.116885932861884e-08,8.197298698599125e-08,9.064544503815885e-08,1.2512777090432617e-07,3.1818825780454286e-07
biomass,EE,0.39143568546850477,4.2096351980049385e-08,1.0804328513676608e-07,7.004828554282075e-08,8.066605815349734e-08,7.63057258188683e-08,7.610265485678699e-08,8.388951092058712e-08,8.698030315692753e-08,5.6419526160361296e-08,7.836003006972563e-08,5.732388393835098e-08,7.89255883812852e-08,1.0248066551014417e-07,2.6061932799115704e-07
biomass,EL,0.9886589852612452,2.580251310563492e-08,4.097839246984915e-08,4.907853974103384e-08,5.197199741341567e-08,5.358554091711829e-08,5.724532885274582e-08,5.985417086742014e-08,4.9471445555382205e-08,5.61650633241653e-08,6.638304691195182e-08,6.26072401911791e-08,6.618449640468175e-08,9.699264589975614e-08,2.0403391854746337e-07
biomass,ES,2.2247964613815205,5.270379949416414e-08,3.670657038422486e-08,4.512970952392428e-08,0.6141349874022927,0.30030714114905593,0.1311556744783847,0.13115562039253909,0.017491757863310767,9.139995460332026e-08,1.0818491948130752e-07,1.021773438211484e-07,1.119921074601464e-07,1.8659808924546474e-07,3.72149763008007e-07
biomass,FI,1.516629980436835,4.0797066364999427e-08,8.221915667297687e-08,7.873482888535709e-08,8.396930715203584e-08,7.574447668100098e-08,7.576905585809968e-08,8.400279760530926e-08,8.80437252367828e-08,8.971782352825692e-08,9.575096796637619e-08,8.620268780121333e-08,8.622495892129594e-08,1.2590970438993858e-07,3.4102479230165086e-07
biomass,FR,9.685383329541533,0.000585548096669622,5.727650137742742e-08,3.7029332477602036e-08,5.8271987529624813e-08,1.0793999279349293e-07,0.7725318360283763,0.31405114939899026,0.9687024414291633,0.45695321479672174,0.10740788423287623,2.4051473998987035e-07,2.728368203883059e-07,1.7273724758666436,11.381322816688755
biomass,HR,1.7750365165899755,4.5468055682690505e-08,8.481599558905395e-08,1.5579554462410887e-07,3.3316411108030474e-07,2.2067206138800408e-07,1.7183948774415487e-07,1.5465916814620623e-07,1.427048731046158e-07,9.514219473799859e-08,1.4440622206511459e-07,7.541670585997527e-08,9.80352517035884e-08,1.5256603162852685e-07,3.3501797650190123e-07
biomass,HU,2.487569736646045,1.081460667989487e-07,5.181416880503243e-08,3.9654709533847614e-08,4.936754364030274e-08,4.6770115694194304e-08,7.18635137493004e-08,1.6940402124788117e-07,0.10961057975277946,2.0966689833987676e-07,2.572691243345092e-07,2.130935926747361e-07,2.3511953174926803e-07,5.598606921034135e-07,2.4745556748836836e-06
biomass,IE,0.03661806477952151,0.036617966453400236,0.03661772022141034,1.51330618718647e-07,0.02632316755501241,0.011904154261597301,0.006150112826152298,9.661567272340489e-08,1.1646325874907405e-07,1.3439183291958212e-07,1.6171915682648428e-07,1.5015880527477518e-07,1.6632580696901754e-07,3.6849574173207396e-07,2.061107172867587e-06
biomass,IT,11.559899173287619,0.8685786340471348,9.499979898509924e-07,2.0883263750448963e-07,1.777561911823898e-07,1.493696239824573e-07,1.3348814429632212e-07,1.192952606626865e-07,1.1954081861695532e-07,7.910337894943579e-08,8.970976676105558e-08,7.686390447382539e-08,8.40184579519396e-08,1.2882288562042463e-07,2.9011335419964173e-07
biomass,LT,1.094548369149644,4.287129621986801e-08,5.301079601947425e-08,7.067274907483652e-08,6.876498539853176e-08,6.789591744995337e-08,7.092003923615003e-08,7.75229803446354e-08,8.123017950155592e-08,6.635160780357485e-08,7.597753611399089e-08,6.45086126533201e-08,6.852108005604284e-08,1.0466147649402067e-07,2.5386884060294485e-07
biomass,LU,0.1616808274166447,0.018167626673337735,1.265893004770523e-07,4.479420147523891e-08,6.920718170251972e-08,3.6388399343510625e-07,0.00661474263247398,0.003024453936620023,0.14351302619089631,0.14351301264433794,0.12112915467595059,2.2128342817076166e-07,2.563306716444442e-07,2.194839349660994e-06,0.22256475902527464
biomass,LV,0.38112827463247423,3.957902907170267e-08,4.561959962043015e-08,5.5453562993429246e-08,5.641679314780072e-08,5.773249010845855e-08,6.26928994913332e-08,6.702230228915487e-08,7.461329888216643e-08,5.6664142633169327e-08,6.710546277841e-08,5.748500341653181e-08,6.70037966682541e-08,1.0078216450405232e-07,2.4961558599144455e-07
biomass,NL,0.9835645677453252,0.5784492652787295,0.49924266361562175,0.47543097678245944,0.3798139424711343,0.3651653982580903,0.23140284450685486,0.13881725263199204,0.06356947688732588,0.008545193875557506,0.008545139821106334,0.008545078186106357,0.008545119432579065,5.989783483761417e-06,1.3550087291730395e-06
biomass,NO,1.090347028196034e-07,1.324572399864673e-07,1.1524512822029666e-07,1.0798860908206506e-07,9.75177168066566e-08,8.717359783055833e-08,8.23324603272495e-08,8.763160142386136e-08,8.966975482820723e-08,9.606614803605996e-08,1.0009563385564818e-07,9.277020647329311e-08,8.925951864375428e-08,1.285846663097283e-07,3.5359325684779473e-07
biomass,PL,7.655743467099198,6.3691966258295745,6.18538021116744,2.344381148390597,5.695749536234487,4.062091425283157,2.4924675418576896e-05,4.123339165200309e-07,2.5286852503174733e-07,1.0639644880236217e-07,1.506555690920632e-07,6.405816826618788e-08,7.676448096952256e-08,1.239654425054571e-07,2.866019222240203e-07
biomass,PT,0.3205987523193655,6.91676031907e-08,4.1606152403718797e-08,6.301854045101327e-08,0.07342175766235147,0.02899954128920453,0.028999684712101834,0.007949602990337413,0.004619315515930231,1.246269513661608e-07,1.4042683131699984e-07,1.3942011274114162e-07,1.156256517137877e-07,1.808299914147456e-07,3.6960009728097555e-07
biomass,RO,2.154901827681755,1.4180132618333393e-07,5.963104480431783e-08,4.096840038651088e-08,5.626828480700974e-08,8.146124827779317e-08,1.326007750167892e-07,0.2921079949454375,0.20240740005504185,0.1934416208074283,0.19344181802060142,0.15808285230949246,0.15808290960976915,0.15808357116428207,0.25551604910158726
biomass,SE,9.018364909814933e-08,8.830901932223194e-08,8.44354759350086e-08,9.344152641669386e-08,8.518447764080288e-08,7.810096162340872e-08,7.640537402646739e-08,8.725430926397548e-08,9.168687341001397e-08,7.06025092285874e-08,8.154930986223172e-08,6.850330414700396e-08,6.78445988101284e-08,1.152432363918721e-07,3.2702953003330123e-07
biomass,SI,0.662115166050101,3.121478648856222e-07,1.1920831664661172e-07,1.545841991709818e-07,4.1710043345170576e-07,2.591505115840342e-07,1.972957557087418e-07,1.6099412114091932e-07,1.45471648442441e-07,9.502584199864108e-08,1.3594769594951692e-07,8.369232905365531e-08,9.141914057163992e-08,1.4172147388513005e-07,3.2634573584030866e-07
biomass,SK,0.9778298766632746,6.203864462724466e-07,5.617171876892187e-08,3.370786101331702e-08,5.065422345363788e-08,3.32712289499166e-07,0.06465903664332637,0.22355070965306803,0.10130798041167671,0.05512650291625852,0.017676634107441826,2.0778133950119362e-07,2.37621612176967e-07,6.238756444151454e-07,1.3636364607341549e-06
biomass,UK,2.3821461983216143,2.2421190973083978e-07,4.271554795176862e-07,4.069930918132814e-07,2.342044003652336e-07,1.5550609548668898e-07,1.2653796680394486e-07,1.2620315135294352e-07,1.0662174266510136e-07,1.0178181942203885e-07,1.0734903624447522e-07,9.548586816670572e-08,1.0979560010836405e-07,1.3923750560263924e-07,3.650434060286216e-07
district_heat,AT,0.0,0.0,0.0,0.0,0.0,0.0,0.0,0.0,0.0,0.0,0.0,0.0,0.0,0.0,0.0
district_heat,BE,0.0,0.0,0.0,0.0,0.0,0.0,0.0,0.0,0.0,0.0,0.0,0.0,0.0,0.0,0.0
district_heat,BG,0.0,0.0,0.0,0.0,0.0,0.0,0.0,0.0,0.0,0.0,0.0,0.0,0.0,0.0,0.0
district_heat,CH,0.0,0.0,0.0,0.0,0.0,0.0,0.0,0.0,0.0,0.0,0.0,0.0,0.0,0.0,0.0
district_heat,CZ,0.0,0.0,0.0,0.0,0.0,0.0,0.0,0.0,0.0,0.0,0.0,0.0,0.0,0.0,0.0
district_heat,DE,0.0,0.0,0.0,0.0,0.0,0.0,0.0,0.0,0.0,0.0,0.0,0.0,0.0,0.0,0.0
district_heat,DK,0.0,0.0,0.0,0.0,0.0,0.0,0.0,0.0,0.0,0.0,0.0,0.0,0.0,0.0,0.0
district_heat,EE,0.0,0.0,0.0,0.0,0.0,0.0,0.0,0.0,0.0,0.0,0.0,0.0,0.0,0.0,0.0
district_heat,EL,0.0,0.0,0.0,0.0,0.0,0.0,0.0,0.0,0.0,0.0,0.0,0.0,0.0,0.0,0.0
district_heat,ES,0.0,0.0,0.0,0.0,0.0,0.0,0.0,0.0,0.0,0.0,0.0,0.0,0.0,0.0,0.0
district_heat,FI,0.0,0.0,0.0,0.0,0.0,0.0,0.0,0.0,0.0,0.0,0.0,0.0,0.0,0.0,0.0
district_heat,FR,0.0,0.0,0.0,0.0,0.0,0.0,0.0,0.0,0.0,0.0,0.0,0.0,0.0,0.0,0.0
district_heat,HR,0.0,0.0,0.0,0.0,0.0,0.0,0.0,0.0,0.0,0.0,0.0,0.0,0.0,0.0,0.0
district_heat,HU,0.0,0.0,0.0,0.0,0.0,0.0,0.0,0.0,0.0,0.0,0.0,0.0,0.0,0.0,0.0
district_heat,IE,0.0,0.0,0.0,0.0,0.0,0.0,0.0,0.0,0.0,0.0,0.0,0.0,0.0,0.0,0.0
district_heat,IT,0.0,0.0,0.0,0.0,0.0,0.0,0.0,0.0,0.0,0.0,0.0,0.0,0.0,0.0,0.0
district_heat,LT,0.0,0.0,0.0,0.0,0.0,0.0,0.0,0.0,0.0,0.0,0.0,0.0,0.0,0.0,0.0
district_heat,LU,0.0,0.0,0.0,0.0,0.0,0.0,0.0,0.0,0.0,0.0,0.0,0.0,0.0,0.0,0.0
district_heat,LV,0.0,0.0,0.0,0.0,0.0,0.0,0.0,0.0,0.0,0.0,0.0,0.0,0.0,0.0,0.0
district_heat,NL,0.0,0.0,0.0,0.0,0.0,0.0,0.0,0.0,0.0,0.0,0.0,0.0,0.0,0.0,0.0
district_heat,NO,0.0,0.0,0.0,0.0,0.0,0.0,0.0,0.0,0.0,0.0,0.0,0.0,0.0,0.0,0.0
district_heat,PL,0.0,0.0,0.0,0.0,0.0,0.0,0.0,0.0,0.0,0.0,0.0,0.0,0.0,0.0,0.0
district_heat,PT,0.0,0.0,0.0,0.0,0.0,0.0,0.0,0.0,0.0,0.0,0.0,0.0,0.0,0.0,0.0
district_heat,RO,0.0,0.0,0.0,0.0,0.0,0.0,0.0,0.0,0.0,0.0,0.0,0.0,0.0,0.0,0.0
district_heat,SE,0.0,0.0,0.0,0.0,0.0,0.0,0.0,0.0,0.0,0.0,0.0,0.0,0.0,0.0,0.0
district_heat,SI,0.0,0.0,0.0,0.0,0.0,0.0,0.0,0.0,0.0,0.0,0.0,0.0,0.0,0.0,0.0
district_heat,SK,0.0,0.0,0.0,0.0,0.0,0.0,0.0,0.0,0.0,0.0,0.0,0.0,0.0,0.0,0.0
district_heat,UK,0.0,0.0,0.0,0.0,0.0,0.0,0.0,0.0,0.0,0.0,0.0,0.0,0.0,0.0,0.0
hard_coal,AT,0.4104758651678295,1.8816220593137771,6.84092202034688,7.780112447184017,8.056305367932485,8.527081605938294,9.03911069612781,9.492817557539663,8.190984907234625,8.190985033617832,7.796596142809823,9.019247185474361,5.645387932396495,3.652586376511983,3.3011025126379177
hard_coal,BE,1.0362129427070628,1.9113498484678455,6.74054279099038,7.418571186295858,9.13607891110715,10.213897011266182,10.623165046619349,10.62316527633901,10.524907926753142,10.524906767004113,9.57647344519745,8.764260220191042,4.018715322877643,3.219301111671344,1.5017922748192032
hard_coal,BG,1.3377561668657352,4.2864950926241745,4.6696291884146115,5.103333599182407,5.0622465417393725,5.136880160374451,4.9092276049111065,4.739519318410422,3.9431142092242273,3.9431145744794254,3.4298612401176594,2.0288142236722697,2.4053934954820564,1.4441708186916742,1.1234710629295257
hard_coal,CH,0.7799682310229098,3.7100892645565633,9.389095983015208,10.065684899879686,11.054927449405408,11.700329672615567,12.401252313863726,13.022718135986059,11.232157453667858,11.752533019744748,11.211714463994367,12.88970722022542,9.395334283477396,7.27288790957777,6.1795972294927
hard_coal,CZ,2.5045282561226707,3.614816991413539,8.216687050132215,8.901186359222597,9.07585330617294,9.248885425485716,9.000761856706642,8.349338710342227,7.218161957839271,7.175000048608926,6.863946260033817,6.612592512191236,3.2992896862751357,2.1520222174985837,1.5898994121582954
hard_coal,DE,6.240285683694862,12.280977021337236,47.46401426513903,60.54919424615487,48.17174855338845,33.99108013504798,32.793940254253094,31.04825796850536,29.745747752583227,29.745747732061506,26.044462358471776,22.918929420713653,8.040930348611777,6.138816704175207e-07,5.956295597268474e-07
hard_coal,DK,0.00433768371920399,0.004339712617034249,0.9889422136495954,0.97467982556404,0.7825675642618138,0.648485199391802,1.0840741490050363e-07,7.292982758358335e-08,5.3831526681575665e-08,5.384179960257745e-08,4.824796814358255e-08,7.91683566984414e-08,1.0625313228249446e-07,6.921405119695348e-08,1.1201086496382021e-07
hard_coal,EE,2.1956527652447722e-08,0.04768598653869781,0.31973422982765404,0.3197342527690684,0.31973421035072824,0.29957860731502123,4.434124500915941e-07,7.866637903615018e-08,5.371735200596855e-08,5.485385690253938e-08,5.562287346293747e-08,6.553658888893104e-08,1.0931084000344318e-07,6.393161484130547e-08,1.0883659778081732e-07
hard_coal,EL,0.01015059001679807,0.010150588799491315,0.1386297379243599,0.13862977654841563,0.13862962268766268,0.13857605376833657,0.002341115460998749,1.3238732328767352e-06,7.212083796352553e-08,5.1095013325053734e-08,5.0350880934362124e-08,7.882219928486942e-08,8.838866931662297e-08,6.109729606647824e-08,9.814214666542912e-08
hard_coal,ES,2.671576618939718,11.216066663443646,14.844533365903427,14.91379564190781,14.913795693036485,14.814226896051752,14.814226855782627,13.740362732660842,13.731118066293417,13.731118047605149,5.754948414182218,2.6515047999155015,0.10117611953441416,1.4334905846741916e-07,1.5443766318800086e-07
hard_coal,FI,0.030816292657483747,1.1586674383374551,2.0115276063523795,1.9808129815551394,1.707636749223642,1.5426345570746698,1.1863066785042629,0.009718270144596244,1.0864101497139394e-07,9.122829776886204e-08,7.00688127502136e-08,5.88146702061107e-07,0.0021998831511619303,7.829601309569567e-08,1.2545330488673065e-07
hard_coal,FR,10.576214758200335,37.570389062310845,46.388078524472036,48.6608786460448,50.41709067911784,54.996759324043644,55.636155886772634,55.635952447642055,53.430527237969024,52.86871773135529,42.1080016888306,16.383403968462147,15.099758529074046,8.866847759113803,1.9002350018437239e-06
hard_coal,HR,0.9763805799698821,3.0094013202865124,3.937121467254097,3.9371215404927615,3.9206795716411023,3.4076298737132173,3.361744016213066,3.009400857158358,3.0094005529533328,3.7172649201189995e-07,4.005988227540874e-07,2.3384315257475276e-07,1.7919812134289487e-07,9.839466252039819e-08,1.3782609846579487e-07
hard_coal,HU,2.320141703809004,6.659348897689088,6.896249351734724,8.692127356686107,8.656216168727239,8.450213367130926,10.052567175834998,9.958737572038142,9.045844705768019,9.045843986371974,6.8319687632715445,4.421540338252037,4.0187543335148,1.8374639318568644,7.633250226118039e-07
hard_coal,IE,0.6160491077810094,0.5752914150178786,2.792789096861737,3.579099755032478,1.6521426647750888,1.5854912894390858,1.5854913635759156,1.5854912796588074,1.5854912525090317,1.5854912638760195,1.225212442767083,1.2252125009129604,0.8587644859125435,3.5962631247562373e-07,2.8799336954577416e-07
hard_coal,IT,3.937287934779507,26.727138320366407,30.306000070186794,35.74466672145048,29.495011628682466,29.495011553756672,29.495011333203525,26.697259928683035,19.235995375809903,2.1574902973708845e-07,9.534449033216884e-08,1.2171060255128336e-07,1.3966505822100312e-07,8.22424942298436e-08,1.1910573656764022e-07
hard_coal,LT,0.08141141393991344,0.3398728636994493,0.9744485186458912,0.9689711045145604,0.8854355437976574,0.5851409356484897,0.4285479473090403,0.001086159661117656,5.345781844482588e-08,5.700952375514035e-08,5.459572633606525e-08,8.890830306474935e-08,9.686998033649481e-08,6.769135883608863e-08,1.0996439427244881e-07
hard_coal,LU,0.043004290873690725,0.12577790641330666,0.5417788818735283,0.5754969241507614,0.6559332092973165,0.679277497129432,0.6792780086290068,0.6792779458163256,0.506681884004697,0.506681953770375,0.46367771672005553,0.5570115408997459,0.2757094392727307,0.10378214844010615,0.0233423840147902
hard_coal,LV,1.8627482114006393e-08,3.9493058364581466e-07,0.22617247119311087,0.226172499698092,0.22617237718345815,0.15183538587988069,0.04502211971787315,6.327959568074248e-08,5.19490322052057e-08,5.4704750365416597e-08,5.088772786191982e-08,6.812157117903758e-08,8.760955262177357e-08,6.320038507104039e-08,1.071376676647193e-07
hard_coal,NL,0.8758775354180366,2.9647024097137598,9.08139477150447,13.229332312829383,13.22933239345227,5.238207598032842,5.235184012497957,4.724612921754477,4.7246127701626275,4.7246127776731335,3.852892281406964,1.8099911586106499,1.8973346375331982e-07,1.1442421020437101e-07,1.599239749224473e-07
hard_coal,NO,1.4276793352207582e-08,4.382386436157588e-08,1.3430454943370264e-07,1.2216957892312376e-06,8.794961955179049e-08,9.4512842326301e-08,9.694497224168372e-08,7.993699501721553e-08,6.159403095381198e-08,6.691811440801043e-08,5.8709590573546545e-08,1.0233258407666361e-07,9.180532791860696e-08,6.991014414708596e-08,1.17874042027107e-07
hard_coal,PL,8.294759272468909,13.212236589904618,19.081500920882494,27.53869276219312,8.250184141092019,7.671426968688886,6.792367342749279,3.1814825970814837,1.1183283373661477,0.7801429591442443,0.4796220312140037,0.7801429905207836,0.7801430399069615,1.0735907738422022e-07,1.4161220844946088e-07
hard_coal,PT,0.31619063566767597,1.0399228251958184,1.0833025385223738,1.1288455725092772,1.1288455979847776,1.1288456067237633,1.1288455744845192,1.1288448272720057,1.1138915561332008,1.1138915332045123,0.7977007946125784,0.0739697472709357,0.04554317873090707,1.4010475975438887e-07,1.60562017437893e-07
hard_coal,RO,1.0602240992006922,3.862769404199151,4.818061495681052,4.822038842329348,4.962611089299323,5.116837509822299,5.162035688982055,5.059252546896639,5.146974212482124,5.519120414433698,5.597073523968188,5.661753252405228,5.05582464231788,4.99305311970983,4.852480749352805
hard_coal,SE,1.8116702471165905e-08,0.10784876965189207,0.3520731158869299,0.35207316562256225,0.28189075076507153,9.985987118254503e-08,1.0096773539888274e-07,9.086749422146506e-08,6.55735201359981e-08,6.648227933516679e-08,5.982360664696316e-08,8.884562478827394e-08,8.979931376681901e-08,6.87719875204575e-08,1.1712881818903975e-07
hard_coal,SI,0.3228356200876183,1.5908339559755273,1.584378720725691,1.5760002696640545,1.571467967472061,1.5650125477438905,1.5284458377434536,1.295976449459931,1.2959762160032746,0.9843025309533825,2.784720108317818e-07,1.5539041810858586e-07,1.5273954536021772e-07,9.338629191725232e-08,1.3508953865379992e-07
hard_coal,SK,0.5939153529816008,1.6057421778381071,3.124467288463825,3.127930505985652,3.4102136742986358,3.6420047784790732,3.5953285453262924,2.9746297778065864,2.73922071517912,2.410655717268647,2.1887731625763553,1.5433085245599305,0.9200903577066594,0.6771346719718081,7.018467002657504e-07
hard_coal,UK,0.47206681721766125,0.4628963965183004,0.7122042557365615,0.6255952232592634,0.49405254314853253,0.3431062033917314,0.3431058209516463,0.01223072086004805,8.80796652608138e-06,1.7508845955911891e-07,8.553698504534177e-08,0.01223060347612805,0.01223066910811084,8.960725844049682e-08,1.3386042446550595e-07
natural_gas_industry,AT,0.0,0.0,0.0,0.0,0.0,0.0,0.0,0.0,0.0,0.0,0.0,0.0,0.0,0.0,0.0
natural_gas_industry,BE,0.0,0.0,0.0,0.0,0.0,0.0,0.0,0.0,0.0,0.0,0.0,0.0,0.0,0.0,0.0
natural_gas_industry,BG,0.0,0.0,0.0,0.0,0.0,0.0,0.0,0.0,0.0,0.0,0.0,0.0,0.0,0.0,0.0
natural_gas_industry,CH,0.0,0.0,0.0,0.0,0.0,0.0,0.0,0.0,0.0,0.0,0.0,0.0,0.0,0.0,0.0
natural_gas_industry,CZ,0.0,0.0,0.0,0.0,0.0,0.0,0.0,0.0,0.0,0.0,0.0,0.0,0.0,0.0,0.0
natural_gas_industry,DE,0.0,0.0,0.0,0.0,0.0,0.0,0.0,0.0,0.0,0.0,0.0,0.0,0.0,0.0,0.0
natural_gas_industry,DK,0.0,0.0,0.0,0.0,0.0,0.0,0.0,0.0,0.0,0.0,0.0,0.0,0.0,0.0,0.0
natural_gas_industry,EE,0.0,0.0,0.0,0.0,0.0,0.0,0.0,0.0,0.0,0.0,0.0,0.0,0.0,0.0,0.0
natural_gas_industry,EL,0.0,0.0,0.0,0.0,0.0,0.0,0.0,0.0,0.0,0.0,0.0,0.0,0.0,0.0,0.0
natural_gas_industry,ES,0.0,0.0,0.0,0.0,0.0,0.0,0.0,0.0,0.0,0.0,0.0,0.0,0.0,0.0,0.0
natural_gas_industry,FI,0.0,0.0,0.0,0.0,0.0,0.0,0.0,0.0,0.0,0.0,0.0,0.0,0.0,0.0,0.0
natural_gas_industry,FR,0.0,0.0,0.0,0.0,0.0,0.0,0.0,0.0,0.0,0.0,0.0,0.0,0.0,0.0,0.0
natural_gas_industry,HR,0.0,0.0,0.0,0.0,0.0,0.0,0.0,0.0,0.0,0.0,0.0,0.0,0.0,0.0,0.0
natural_gas_industry,HU,0.0,0.0,0.0,0.0,0.0,0.0,0.0,0.0,0.0,0.0,0.0,0.0,0.0,0.0,0.0
natural_gas_industry,IE,0.0,0.0,0.0,0.0,0.0,0.0,0.0,0.0,0.0,0.0,0.0,0.0,0.0,0.0,0.0
natural_gas_industry,IT,0.0,0.0,0.0,0.0,0.0,0.0,0.0,0.0,0.0,0.0,0.0,0.0,0.0,0.0,0.0
natural_gas_industry,LT,0.0,0.0,0.0,0.0,0.0,0.0,0.0,0.0,0.0,0.0,0.0,0.0,0.0,0.0,0.0
natural_gas_industry,LU,0.0,0.0,0.0,0.0,0.0,0.0,0.0,0.0,0.0,0.0,0.0,0.0,0.0,0.0,0.0
natural_gas_industry,LV,0.0,0.0,0.0,0.0,0.0,0.0,0.0,0.0,0.0,0.0,0.0,0.0,0.0,0.0,0.0
natural_gas_industry,NL,0.0,0.0,0.0,0.0,0.0,0.0,0.0,0.0,0.0,0.0,0.0,0.0,0.0,0.0,0.0
natural_gas_industry,NO,0.0,0.0,0.0,0.0,0.0,0.0,0.0,0.0,0.0,0.0,0.0,0.0,0.0,0.0,0.0
natural_gas_industry,PL,0.0,0.0,0.0,0.0,0.0,0.0,0.0,0.0,0.0,0.0,0.0,0.0,0.0,0.0,0.0
natural_gas_industry,PT,0.0,0.0,0.0,0.0,0.0,0.0,0.0,0.0,0.0,0.0,0.0,0.0,0.0,0.0,0.0
natural_gas_industry,RO,0.0,0.0,0.0,0.0,0.0,0.0,0.0,0.0,0.0,0.0,0.0,0.0,0.0,0.0,0.0
natural_gas_industry,SE,0.0,0.0,0.0,0.0,0.0,0.0,0.0,0.0,0.0,0.0,0.0,0.0,0.0,0.0,0.0
natural_gas_industry,SI,0.0,0.0,0.0,0.0,0.0,0.0,0.0,0.0,0.0,0.0,0.0,0.0,0.0,0.0,0.0
natural_gas_industry,SK,0.0,0.0,0.0,0.0,0.0,0.0,0.0,0.0,0.0,0.0,0.0,0.0,0.0,0.0,0.0
natural_gas_industry,UK,0.0,0.0,0.0,0.0,0.0,0.0,0.0,0.0,0.0,0.0,0.0,0.0,0.0,0.0,0.0
natural_gas,AT,0.8398919930951587,0.8398919820606828,0.8398919788631993,0.839891976138073,0.839891973611848,0.8398919659886049,0.8398919674509635,0.8398919458483267,0.8398919297242713,0.839891897558406,0.8398918962076998,0.8398918523600755,0.8398918336356803,0.8398918536590918,0.8398917008833666
natural_gas,BE,0.006047467699523234,0.0060474562246391715,0.0060474533299582295,0.006047449808364976,0.006047445846290932,0.0060474343988989624,0.006047435950319136,0.006047398538475826,0.006047401026924739,0.006047373632737877,0.006047371034531729,0.0060473341437081,0.006047315585844792,0.006047337230406359,0.0060471568370756975
natural_gas,BG,0.06347247083757077,0.06293747656655388,0.06260882902438382,0.06248655342514508,0.06236425670028388,0.06236425286309008,0.062364247173520924,0.062425381249263244,0.06254756527517233,0.06266984690532687,0.06266979510036283,0.06266962680395496,0.0626696474945266,0.06266948380811281,0.0626689787237027
natural_gas,CH,0.0,0.0,0.0,0.0,0.0,0.0,0.0,0.0,0.0,0.0,0.0,0.0,0.0,0.0,0.0
natural_gas,CZ,0.21591333957805917,0.21591332832179042,0.21591332504734112,0.21591332216989828,0.21591331958417212,0.2159133117198744,0.21591331304720032,0.2159132902818131,0.21591328187758219,0.21591327629363288,0.21591327440229705,0.21591324861031816,0.21591323520180708,0.21591324520923486,0.21591313858992717
natural_gas,DE,5.351446785071934,5.306341261836064,5.278633586441685,5.268323752471866,5.258013917722294,5.258013908224366,5.258013910412949,5.263168794493849,5.273478612614799,5.283788436627371,5.2837884331392075,5.283788396428451,5.283788376405035,5.283788391303071,5.283788249821676
natural_gas,DK,1.5811339905072266,1.5811339799201871,1.58113397613588,1.5811339718533497,1.5811339651731249,1.5811339491694678,1.5811339523254617,1.5811338766242007,1.5811338796646623,1.5811338686268148,1.5811338640762638,1.5811338150310796,1.5811337912359633,1.5811338185978554,1.5811336266273284
natural_gas,EE,0.0,0.0,0.0,0.0,0.0,0.0,0.0,0.0,0.0,0.0,0.0,0.0,0.0,0.0,0.0
natural_gas,EL,16.605158061156427,16.605158049680817,16.605158044497895,16.605158041949522,16.605158036345554,16.605158017287426,16.605158029897936,16.605157901297407,16.60515720880444,16.223872215789072,16.223872198939702,16.223871935076716,16.223872850231476,16.057877978422102,15.97945267254942
natural_gas,ES,13.656872509287544,11.942787003595154,11.165427409642438,11.324793719008703,11.484160027501776,11.36393631522477,11.243712603724623,11.307319328414696,11.554756491129602,11.802193657018668,11.80219365501422,11.802193633617426,11.802193619445113,11.802193616495094,11.802193515610917
natural_gas,FI,0.0,0.0,0.0,0.0,0.0,0.0,0.0,0.0,0.0,0.0,0.0,0.0,0.0,0.0,0.0
natural_gas,FR,0.020675667109500275,0.020675655900490822,0.020675653453815387,0.02067565080541011,0.020675648168626316,0.020675639547265742,0.02067564072464694,0.02067561752311499,0.020675619405267437,0.020675602804027266,0.02067560096030701,0.020675574738941275,0.02067556157868292,0.02067557684685314,0.02067545624403573
natural_gas,HR,0.936064482117142,0.9360644711564383,0.9360644680527197,0.9360644653944608,0.9360644630281493,0.9360644568510006,0.9360644571486455,0.9360644444130399,0.9360644222012109,0.9360643929786605,0.9360643836485545,0.9360643475912326,0.9360643294027626,0.9360643478441892,0.9360641680113359
natural_gas,HU,1.752939483655832,1.738164546618233,1.7290885175258728,1.725711389152277,1.7223342612346997,1.7223342550435037,1.7223342562969375,1.724022803868788,1.7273999192604734,1.7307770245365162,1.7307770061701957,1.730776956071253,1.7307769507480388,1.7307769645313638,1.7307768279334979
natural_gas,IE,2.1924649310440087,2.192464919913006,2.1924648927070094,2.192464702770617,2.1924649080160674,2.1924648947074994,2.1924648973846863,2.1924643857966926,2.1924644713388433,2.095310596574076,2.024313054039296,2.024317517106608,2.024326938198758,2.192376230979461,2.192380555006059
natural_gas,IT,34.342379087206616,30.03203834866141,28.077243955841126,28.477995902896755,28.878747848778968,28.576426189769364,28.274104546286065,28.43405375530654,29.056273839101532,29.678493910331024,29.678493903406423,29.678493823746297,29.678493763852092,29.67849372144836,29.678493233857797
natural_gas,LT,0.0,0.0,0.0,0.0,0.0,0.0,0.0,0.0,0.0,0.0,0.0,0.0,0.0,0.0,0.0
natural_gas,LU,0.0,0.0,0.0,0.0,0.0,0.0,0.0,0.0,0.0,0.0,0.0,0.0,0.0,0.0,0.0
natural_gas,LV,0.0,0.0,0.0,0.0,0.0,0.0,0.0,0.0,0.0,0.0,0.0,0.0,0.0,0.0,0.0
natural_gas,NL,22.915895754842527,22.915895743151705,22.915895738649308,22.91589573602431,22.915895731494324,22.915895719742267,22.915895722795472,22.915895677221314,22.91589568017645,22.915895646515825,22.915895641539183,22.915895586925153,22.9158955496629,22.91589553633457,22.915895329187347
natural_gas,NO,141.6345925060474,141.63459250885865,137.17366045273323,128.25179634859617,119.32993223097968,108.17760206290218,97.02527195167502,85.87209680590665,64.72556310602465,51.05780934512999,44.006564516558555,42.96669958881995,45.015250851629396,38.8081082066773,29.890526712765997
natural_gas,PL,4.509201240601507,4.471194717093675,4.447847856229456,4.439160651121719,4.43047344600598,4.430473439064072,4.430473440618479,4.434817023578505,4.443504219809253,4.45219141785573,4.4521914157602565,4.452191391642831,4.452191378636774,4.452191388697734,4.452191292898605
natural_gas,PT,0.0,0.0,0.0,0.0,0.0,0.0,0.0,0.0,0.0,0.0,0.0,0.0,0.0,0.0,0.0
natural_gas,RO,9.813152270670072,9.730440561570147,9.679631939758224,9.660726411176093,9.641820871220402,9.641820873536608,9.641820874638015,9.65127362901466,9.670179133844558,9.689084622489057,9.689084587749786,9.689084498762575,9.689084490698033,9.689084480364972,9.689084266214834
natural_gas,SE,0.0,0.0,0.0,0.0,0.0,0.0,0.0,0.0,0.0,0.0,0.0,0.0,0.0,0.0,0.0
natural_gas,SI,0.006144619692347071,0.0061446088921386175,0.006144605932319845,0.006144603282602979,0.006144601142599622,0.006144591554229975,0.006144591432723384,0.006144576593347791,0.006144549854657635,0.0061445135019558865,0.006144501948352145,0.0061444602441428,0.006144439371129971,0.006144463411195257,0.006144242469829715
natural_gas,SK,0.07260352387134197,0.07199156271484139,0.07161564744810171,0.07147577049581037,0.07133589414917335,0.07133588748665481,0.07133588850359829,0.0714058082650386,0.07154567680150772,0.07168553112113761,0.07168553014374865,0.07168549994686903,0.07168548668771173,0.07168550248426138,0.07168539654552396
natural_gas,UK,50.1920091042273,50.19200909332238,50.1920090892279,50.19200908616728,50.192009079421595,50.19200906197995,50.192009066429804,50.19200898666755,50.192008991239774,50.192008919780896,50.19200891085783,50.19200881521268,50.19200875494435,50.19200863703538,50.19200798405096
lignite,AT,4.007919089603366e-08,4.50115578635063e-08,4.8439749569011e-08,4.9429075415707465e-08,5.290989782252988e-08,5.764283574021963e-08,6.932152351562716e-08,4.616643397470945e-08,3.115931586913949e-08,2.8601763099898498e-08,2.353887934198729e-08,8.5143161851417e-08,1.1339631451204586e-07,3.0725171562903074e-08,3.472934427587291e-08
lignite,BE,1.4918048598336123e-07,1.5599251985937455e-07,1.612375220463484e-07,1.62717901700806e-07,2.0373333378462415e-07,1.957676477011379e-07,2.062980745916937e-07,1.6903446808367162e-07,6.794399329632483e-08,4.623598095987253e-08,2.820928462842504e-08,1.7142818992181443e-07,2.066797279319918e-07,3.4264871702958583e-08,3.4603955884292754e-08
lignite,BG,3.4592005589879613,1.468735373466136,1.4687353730024755,1.468735404409429,1.468735410297767,1.4687354090650315,1.4687354224819462,1.4687353986756169,1.0871517428185303e-07,5.786178987934944e-08,3.473085556805172e-08,1.2317100539870849,1.4687353032996864,3.483571687425983e-08,4.8545950530944485e-08
lignite,CH,4.0807867513277585e-08,4.51989553649728e-08,4.832054231897495e-08,4.912068647371003e-08,5.248737075935008e-08,5.71349137027179e-08,7.120441154675628e-08,4.932566022173191e-08,4.25866344143589e-08,3.545155004055601e-08,2.4949661668004113e-08,9.358877018740541e-08,1.247789552869713e-07,3.2621083712924386e-08,3.4911351392380625e-08
lignite,CZ,1.0997631694534677,1.0997631670233132,1.0997631637968688,0.7994396593924784,0.4786946318623677,0.4786946311424051,0.3776253520476968,6.818518721416796e-07,4.796642216750384e-08,3.6310974664223866e-08,1.7119101519395222e-08,4.431956716677154e-08,5.96989694195798e-08,2.0495643701916324e-08,2.91660905165081e-08
lignite,DE,25.193137493666057,19.14743982535907,12.063358963898827,12.041899027875743,11.154081379882522,10.768725767794692,7.326285048167289e-08,1.6661806981641575e-08,1.1968559308977968e-08,1.2144855233481671e-08,1.2695613457223578e-08,1.3185389162030908e-07,1.2628868356056559e-06,3.265093179925222e-08,3.295328670923517e-08
lignite,DK,7.718818396260784e-09,1.1926029393812312e-08,1.494791861360719e-08,1.8686806559563734e-08,1.529711585890991e-08,1.532478717233663e-08,1.3400642810959037e-08,8.939878262093332e-09,7.77000770044721e-09,8.26000173724683e-09,8.034593092803097e-09,1.2679081059100261e-08,1.474775764417226e-08,1.0076082922587394e-08,1.7604338688512252e-08
lignite,EE,7.579604951922485e-09,1.1280781229128988e-08,1.53095370283734e-08,1.8004497956194252e-08,1.496298780213304e-08,1.5001365882340838e-08,1.3007321864882208e-08,8.813031941047135e-09,7.801318198740552e-09,8.257148000209167e-09,8.018080132013179e-09,1.1729122615733026e-08,1.462993826922958e-08,9.876524268833949e-09,1.748134688327134e-08
lignite,EL,4.666955408055806,4.6669553558340375,4.666955319715905,4.666955300418095,3.821201296097467e-08,2.9402635532080403e-08,1.9739948760561762e-08,1.0709416332679097e-08,8.803999557063474e-09,9.237632805263618e-09,8.773815615004044e-09,1.4315268038776735e-08,1.65027436825515e-08,9.754925343306195e-09,1.7379114391060077e-08
lignite,ES,0.14998890021765016,0.14998889773468096,0.1499889028236071,0.14998890746164303,0.14998890728206357,0.1499889084052114,0.14998888395886378,3.109440777844979e-08,1.6760636162289362e-08,1.62617622450272e-08,1.3819675579085486e-08,2.972956019691305e-08,3.509325173066837e-08,1.527345697476139e-08,2.4068896092413507e-08
lignite,FI,8.282241580516768e-09,1.2668755737082168e-08,1.643494257949797e-08,1.9982860694943406e-08,1.615156816962022e-08,1.6085636174865888e-08,1.3757103368527121e-08,9.133825743323006e-09,7.877987967830732e-09,8.36226953047824e-09,8.107062394867273e-09,1.286115253498376e-08,1.49842586107577e-08,1.0065661492708438e-08,1.7696353563825958e-08
lignite,FR,3.7200562571273976e-08,4.181357547992657e-08,4.509742685718324e-08,4.611516800548821e-08,4.900381642718087e-08,5.330067230412694e-08,6.688609316697797e-08,4.4282512870991185e-08,4.128393555688662e-08,3.509823625809517e-08,2.5082383500868603e-08,9.165873466629772e-08,1.1613944402719249e-07,3.142238041135808e-08,3.2718098098395424e-08
lignite,HR,2.765590460890154e-08,3.3295487993675044e-08,3.696845504739934e-08,4.1369102492776363e-08,4.084444053037225e-08,3.9562507822229923e-08,2.964201910818234e-08,1.3768375499009585e-08,1.0599100501778275e-08,1.0857515149099442e-08,1.0872915413042106e-08,1.5600054095068547e-08,2.0738367178519802e-08,1.2075388038462812e-08,2.03812840719554e-08
lignite,HU,5.186455214553872e-08,5.708850358078743e-08,6.100944082720042e-08,6.618633812937124e-08,6.604262199951173e-08,7.616340866550414e-08,8.161681995121927e-08,5.473541156526616e-08,2.8848275528181453e-08,2.5429649876477216e-08,1.9275306458089434e-08,6.449103429019199e-08,8.761076443431788e-08,2.243821154960885e-08,3.413934790982629e-08
lignite,IE,1.6432162560131774e-07,1.6239822920191612e-07,1.6610193413184845e-07,1.682651257656146e-07,1.7268118569824798e-07,1.732872420865712e-07,1.6922446209604791e-07,5.0700891468928736e-08,2.099516402587157e-08,1.9574750964559124e-08,1.585489481199251e-08,3.941687916450976e-08,4.74279336243476e-08,1.787732933433564e-08,2.398352710485335e-08
lignite,IT,1.3353787865252005e-08,2.1736472449458716e-08,2.4994258209680953e-08,2.6621167282444265e-08,2.467369400024121e-08,2.38516455387064e-08,1.9048919570537297e-08,1.1012098308557694e-08,9.056264261742012e-09,9.485667404483434e-09,9.03538955837204e-09,1.495583941688129e-08,1.8357568256734746e-08,1.0928924955113812e-08,1.8419309945493784e-08
lignite,LT,8.063816481023505e-09,1.2566563031891579e-08,1.6075132396336893e-08,1.990570773914002e-08,1.6332613602900202e-08,1.628397490524985e-08,1.4292464468165952e-08,9.215123391408659e-09,7.979395564280578e-09,8.44991088434347e-09,8.17861782362747e-09,1.29693416405253e-08,1.512671424003866e-08,1.0346522464500525e-08,1.806581388458091e-08
lignite,LU,3.173012438588365e-08,3.66918261122884e-08,3.937155299536688e-08,4.0615785781916964e-08,4.365656358301859e-08,4.788578677180862e-08,6.048608139023691e-08,3.972339006786813e-08,3.707150183587964e-08,3.158447757240827e-08,2.3179604452080773e-08,8.17540291318535e-08,1.0503467889461491e-07,2.9002867693863403e-08,3.165451661356079e-08
lignite,LV,7.284793296915275e-09,1.118918119483176e-08,1.4665346713296446e-08,1.797181575203895e-08,1.4523816002200905e-08,1.4612825843786752e-08,1.2909500666305442e-08,8.833525941845553e-09,7.832649075064062e-09,8.311622741852857e-09,7.874682123936864e-09,1.1450560208659666e-08,1.4444959602594687e-08,9.947386655891238e-09,1.7501678516603806e-08
lignite,NL,2.8148839739834967e-08,3.192500178829766e-08,3.312905001422755e-08,3.481479309174061e-08,3.700422755379921e-08,3.55921739117994e-08,2.6750686903870276e-08,1.3143821791769334e-08,1.0233387578709616e-08,1.0583831074735667e-08,9.871759212483553e-09,1.7046518657474917e-08,2.5039025779419152e-08,1.198407039823414e-08,2.0116539526193413e-08
lignite,NO,8.307399817165769e-09,1.3007291118757788e-08,1.6897976972334967e-08,2.051739218021419e-08,1.66513115702296e-08,1.656633615184979e-08,1.4245529148606457e-08,9.298795717381333e-09,7.993644890084812e-09,8.488215864413734e-09,8.221534259608823e-09,1.3074255244691044e-08,1.519246709237588e-08,1.0211911859723397e-08,1.785318067687942e-08
lignite,PL,12.700580121236387,12.700580110958764,1.093763602891937,1.0937635901089064,1.0937631145624527,1.1693716974430277e-07,3.553357327225377e-08,1.3694715150249118e-08,1.0483745135221305e-08,1.0787561838836594e-08,1.0451875235969588e-08,1.619332600593773e-08,2.023703061379356e-08,1.1756608670906559e-08,2.028261705872136e-08
lignite,PT,1.3129947594801772e-06,1.3108191951524059e-06,1.315795332646754e-06,1.3203107513692755e-06,1.3204992569657166e-06,1.3214220471173014e-06,1.3085244434427455e-06,4.291793914933331e-08,1.9245869660404636e-08,1.8140490353692037e-08,1.507766985904251e-08,3.5878010438146806e-08,4.3363671738913924e-08,1.6518575333684385e-08,2.5355982445961348e-08
lignite,RO,3.0394629670883933,3.0394629652094336,3.03946296312097,3.039462967823712,3.0394629573078213,0.6172611274914862,0.6172611249319615,0.6172606468790662,5.4639081542003704e-08,4.634639788951092e-08,3.73643138703607e-08,0.4786576748999142,0.5076539429878619,3.6613656693330444e-08,5.017997434458655e-08
lignite,SE,8.370286779591388e-09,1.299287742000428e-08,1.681651300171873e-08,2.0640386729351754e-08,1.677566043602513e-08,1.668815929255725e-08,1.4231298896055438e-08,9.326760549699922e-09,8.010486891153057e-09,8.487844796367719e-09,8.219246808697314e-09,1.309039467168437e-08,1.5234893083722797e-08,1.0201651680973515e-08,1.7865274106116462e-08
lignite,SI,1.5021304425386405e-08,2.2250327894227094e-08,2.540419980161051e-08,2.718912297401615e-08,2.6946064472595024e-08,2.6269208977921344e-08,2.070420976292736e-08,1.1604126307447969e-08,9.439441572063417e-09,1.003161069363604e-08,1.0774964162307825e-08,1.5405781699668463e-08,2.043876055580923e-08,1.2014102836075617e-08,2.0329684753085783e-08
lignite,SK,3.646009928643324e-08,4.1105777079710687e-08,4.603317337989667e-08,4.748519825684352e-08,5.2227136524955074e-08,5.727323855493967e-08,6.762613507616028e-08,4.6979861899858825e-08,2.8059782429850415e-08,2.5136393363862038e-08,1.925034878545633e-08,6.349600171725873e-08,8.615066774196834e-08,2.2058915005395188e-08,3.0212563180433433e-08
lignite,UK,9.502896145024355e-09,1.4428893156172251e-08,1.8832146991630276e-08,2.301491733739006e-08,1.8105197733663198e-08,1.7890215376914083e-08,1.5048653121753833e-08,9.624294049569498e-09,8.198387184702348e-09,8.676638299096642e-09,8.371315895453042e-09,1.3410347514353804e-08,1.562152798817855e-08,1.0353593888722662e-08,1.806545523220196e-08
lng,AT,0.0,0.0,0.0,0.0,0.0,0.0,0.0,0.0,0.0,0.0,0.0,0.0,0.0,0.0,0.0
lng,BE,1.2603975007160068e-07,2.996050809263229e-07,3.126660609877918e-07,3.050559792352575e-07,2.8794420595946845e-07,1.6779679059516872e-07,3.125074766833374e-07,1.1280097337918092e-07,1.4765541591355423e-07,1.0168586626382143e-07,1.2549018823849853e-07,1.2595779515778545e-07,1.3418249239073864e-07,2.0729059722474703e-07,3.8951755050580235e-07
lng,BG,0.0,0.0,0.0,0.0,0.0,0.0,0.0,0.0,0.0,0.0,0.0,0.0,0.0,0.0,0.0
lng,CH,0.0,0.0,0.0,0.0,0.0,0.0,0.0,0.0,0.0,0.0,0.0,0.0,0.0,0.0,0.0
lng,CZ,0.0,0.0,0.0,0.0,0.0,0.0,0.0,0.0,0.0,0.0,0.0,0.0,0.0,0.0,0.0
lng,DE,4.672448338656059e-07,1.1304411468871448e-06,5.519752621626078e-07,5.10355925455359e-07,4.789553229702604e-07,2.293598951945569e-07,6.052054374695663e-07,1.2882828496659677e-07,1.3050712176243395e-07,1.4822900701442322e-07,1.82920487857978e-07,1.5595901510468605e-07,1.6530234479208694e-07,2.670083299948783e-07,7.483219720135422e-07
lng,DK,0.0,0.0,0.0,0.0,0.0,0.0,0.0,0.0,0.0,0.0,0.0,0.0,0.0,0.0,0.0
lng,EE,1.3817395323570208e-07,3.691801920261118e-07,3.475494038344397e-07,3.685254876939016e-07,3.4761569452967425e-07,3.670471671458656e-07,3.763564267887982e-07,3.49340637322243e-07,2.546385594016378e-07,2.913696649911861e-07,2.729061668247682e-07,1.977904087042692e-07,1.8978355124348599e-07,2.3561591605168401e-07,5.945174917400181e-07
lng,EL,6.801858502826272e-08,1.6392752599612613e-07,1.465921066048602e-07,1.544602755299091e-07,1.466261500990056e-07,1.0119759763279642e-07,2.0553547911386194e-07,6.75486835987235e-08,5.8234643449811414e-08,5.382409375016286e-08,6.055698426136541e-08,6.732008105394247e-08,7.213190789198297e-08,8.53479413603325e-08,1.671800759597968e-07
lng,ES,20.965514092096218,22.883203270784424,21.513893316883436,23.55057320613601,25.221121913379296,27.459260340779117,4.954006397614492,4.78554577305213,3.9461118941535758,6.85598653747235e-07,1.2194792569422675e-06,7.765948970242956e-07,8.682683469831454e-07,1.023937024925911,2.3127264222185353
lng,FI,4.871696413983863e-08,1.239510242623139e-07,1.2622084657380998e-07,1.3400978989437007e-07,1.2648138321128786e-07,1.328305112319654e-07,1.359492550193678e-07,8.710995494201965e-08,7.624628239850246e-08,8.300093522837285e-08,8.942422826710402e-08,9.23515776067272e-08,9.811793002459547e-08,1.09558592530375e-07,2.41975165751179e-07
lng,FR,21.644680435092198,23.964703943570075,8.915105148426111,3.1715791930268487,3.203725233821223,3.784698962921794e-07,4.331693380724162,1.886795682840846e-07,3.137092479969272e-07,1.4802013134232444e-07,2.0208358020847467e-07,1.8452985051988387e-07,2.0157142293733835e-07,5.040907955820886e-07,8.402084446603766e-07
lng,HR,2.1885667992292506,2.2718316922583037,2.297727309308933,2.2662537101559104,2.234780252307627,0.8193978507990493,2.2342427596033283,6.728354379592784e-07,1.97772796523638e-07,1.4073244189900856e-07,1.5711770488875393e-07,1.4045296151556734e-07,1.5111319777556635e-07,2.1489737252282523e-07,4.731984362860527e-07
lng,HU,0.0,0.0,0.0,0.0,0.0,0.0,0.0,0.0,0.0,0.0,0.0,0.0,0.0,0.0,0.0
lng,IE,0.0,0.0,0.0,0.0,0.0,0.0,0.0,0.0,0.0,0.0,0.0,0.0,0.0,0.0,0.0
lng,IT,16.58383266927105,17.21477188859476,13.389873235153212,11.376859816817992,3.051405800542789,2.1622155047576123e-07,4.729294273175368e-07,1.2531942961758224e-07,9.50724280068543e-08,7.454764881391845e-08,8.791407224941778e-08,9.728812916595143e-08,1.0318000951607267e-07,1.4624932735650595e-07,2.5666472648509213e-07
lng,LT,2.8196486249524355,4.199129965564614,0.9396867232752745,0.8365386817776458,0.7682477559571544,0.6878873741146883,0.5511295395641805,4.278226366568863e-05,1.0345208802649777e-06,3.25742996649413e-07,3.8052094140581274e-07,2.5217680480890627e-07,2.396882796702677e-07,3.6488309356181024e-07,1.1041020727492928e-06
lng,LU,0.0,0.0,0.0,0.0,0.0,0.0,0.0,0.0,0.0,0.0,0.0,0.0,0.0,0.0,0.0
lng,LV,0.0,0.0,0.0,0.0,0.0,0.0,0.0,0.0,0.0,0.0,0.0,0.0,0.0,0.0,0.0
lng,NL,1.150248631646107e-07,2.786089269942928e-07,2.2588467755328566e-07,2.2406175225531538e-07,2.1164715514297765e-07,1.46244077716581e-07,2.4465702245324227e-07,9.847330115063495e-08,1.229195324515211e-07,9.034142714468877e-08,1.092100680584592e-07,1.1340950200807215e-07,1.212427804367405e-07,1.773952106535654e-07,3.8333437571512643e-07
lng,NO,0.0,0.0,0.0,0.0,0.0,0.0,0.0,0.0,0.0,0.0,0.0,0.0,0.0,0.0,0.0
lng,PL,5.218565125468259,5.4171077898016575,5.478855329490962,5.403807777588788,5.328760306112682,2.9478022766579497,5.3274785493643675,3.3148419642052404e-07,3.383251771064237e-07,4.1865373773935887e-07,8.186460627520297e-07,3.2660731237578244e-07,3.308085970651377e-07,2.6149257824183583e-06,5.325553634621452
lng,PT,6.214505245031702,6.450938865320141,6.524470773944307,6.435100786652816,6.345730830782415,6.344967601404193,2.0468118944875173,2.035243010380762,2.0259461568246113,3.514125516471386e-05,3.700857022724737e-05,3.6994215941315026e-05,3.7586820324610786e-05,2.003818616758791,2.0038199384711946
lng,RO,0.0,0.0,0.0,0.0,0.0,0.0,0.0,0.0,0.0,0.0,0.0,0.0,0.0,0.0,0.0
lng,SE,0.0,0.0,0.0,0.0,0.0,0.0,0.0,0.0,0.0,0.0,0.0,0.0,0.0,0.0,0.0
lng,SI,0.0,0.0,0.0,0.0,0.0,0.0,0.0,0.0,0.0,0.0,0.0,0.0,0.0,0.0,0.0
lng,SK,0.0,0.0,0.0,0.0,0.0,0.0,0.0,0.0,0.0,0.0,0.0,0.0,0.0,0.0,0.0
lng,UK,4.995750263537037e-08,1.2175879991710175e-07,1.2516599235166804e-07,1.2616121172790855e-07,1.1866783746179261e-07,9.349331402801608e-08,1.274112946222195e-07,7.067188754751627e-08,8.321639228635884e-08,6.830671629656481e-08,7.944941614229218e-08,8.69247692178831e-08,9.826814376970603e-08,1.5954264780851018e-07,2.6229579962935577e-07
uranium,AT,0.0,0.0,0.0,0.0,0.0,0.0,0.0,0.0,0.0,0.0,0.0,0.0,0.0,0.0,0.0
uranium,BE,14.673841194498182,14.673841188204902,14.673841181605978,14.673841169232409,2.3908282795397612e-08,3.8658326022750914e-08,9.518569359191814e-08,3.1857203987175425e-07,6.7732712867695355,9.696452386002218,13.857296422117955,14.182948861407578,14.67383954121706,14.673840775582613,14.67384094119844
uranium,BG,9.930706590520915,9.930706585665789,9.930706575915243,9.54226465888311e-09,3.256643408544844e-08,6.158593510517796e-08,8.4085518046213e-05,0.05908503566903753,2.1937515563267316,2.607604435251911,5.036432072447668,5.036432448588014,5.470409361540033,9.930706107538285,9.9307064293076
uranium,CH,7.20976211771545,5.407321581656167,5.407321576999557,5.407321567193794,5.407321585358915,5.407321593406522,3.012297895980151,3.012297944573554,1.1056690255615171,1.2892894492670515,2.793497998485856,2.8561085860472235,7.209760524531154,7.209761743675053,7.209761904840123
uranium,CZ,5.076462639506856,5.076462633689995,5.076462627642792,5.0764626159044814,5.076462628887872,5.076462629639416,5.076462634256902,5.076462635313279,5.076462635197882,5.076462633334782,5.076462631624326,5.076462629672713,5.0764626273928,5.076462625487668,5.076462596537637
uranium,DE,16.333074120643722,16.333074115135176,16.333074105291804,16.33307409237161,12.789920462507693,12.789920464982915,6.896186837252047,6.896186838117861,6.896186841413644,3.365378684797549,6.638989682769532e-08,2.893422676622964e-07,7.411631090409746e-07,3.8064525931095137,3.8064528594567157
uranium,DK,0.0,0.0,0.0,0.0,0.0,0.0,0.0,0.0,0.0,0.0,0.0,0.0,0.0,0.0,0.0
uranium,EE,0.0,0.0,0.0,0.0,0.0,0.0,0.0,0.0,0.0,0.0,0.0,0.0,0.0,0.0,0.0
uranium,EL,0.0,0.0,0.0,0.0,0.0,0.0,0.0,0.0,0.0,0.0,0.0,0.0,0.0,0.0,0.0
uranium,ES,17.686139071586446,17.686139063585518,17.686139063122507,17.686139062547053,17.686139063750993,17.68613906318755,17.686139061928962,17.686139060035064,7.787530725266987,5.160411936660194,4.7776459369608744e-08,7.56666055688916e-08,1.0966584799420668e-07,1.6394634014630773e-07,3.381248082925439e-07
uranium,FI,8.150487895951441,8.150487888445994,8.150487882065203,8.150487875666249,8.150487866807403,6.898655873985345,2.503663883993191,1.2002029676854769e-08,1.7490571576864182e-08,2.2912691259300888e-08,2.8976993646979203e-08,3.631119514697398e-08,4.618283011779673e-08,6.259330023499428e-08,1.2157279094458367e-07
uranium,FR,152.21980650428463,152.21980649963623,143.38044060177336,143.38044059164747,143.3804406099347,143.38044061758305,112.07229551985482,103.08478387152763,91.3151561237627,103.22323119558241,116.44105377481024,142.1487738789676,151.04903672419843,159.62709571287684,159.6270960299783
uranium,HR,0.0,0.0,0.0,0.0,0.0,0.0,0.0,0.0,0.0,0.0,0.0,0.0,0.0,0.0,0.0
uranium,HU,4.938193228966118,4.938193223228564,4.9381932178243515,4.938193214919229,4.938193218895141,4.93819322196835,4.938193224039122,4.938193224815312,3.8048127600163774e-08,1.0993579143078395e-07,1.9647673329410234e-07,3.5941415768303287e-07,5.811509820311765e-07,1.067589972518514e-06,0.6937115796916266
uranium,IE,0.0,0.0,0.0,0.0,0.0,0.0,0.0,0.0,0.0,0.0,0.0,0.0,0.0,0.0,0.0
uranium,IT,0.0,0.0,0.0,0.0,0.0,0.0,0.0,0.0,0.0,0.0,0.0,0.0,0.0,0.0,0.0
uranium,LT,0.0,0.0,0.0,0.0,0.0,0.0,0.0,0.0,0.0,0.0,0.0,0.0,0.0,0.0,0.0
uranium,LU,0.0,0.0,0.0,0.0,0.0,0.0,0.0,0.0,0.0,0.0,0.0,0.0,0.0,0.0,0.0
uranium,LV,0.0,0.0,0.0,0.0,0.0,0.0,0.0,0.0,0.0,0.0,0.0,0.0,0.0,0.0,0.0
uranium,NL,1.1901045624313153,1.1901045560884407,1.1901045453501535,3.770447368545393e-09,9.183172983319029e-09,1.4273843753167756e-08,2.0355986867705226e-08,2.642936770073465e-08,3.311295289958336e-08,4.070177771763707e-08,5.018424206418223e-08,6.272291030373348e-08,8.870550126094985e-08,1.1131594841525237e-07,1.9885217411372488e-07
uranium,NO,0.0,0.0,0.0,0.0,0.0,0.0,0.0,0.0,0.0,0.0,0.0,0.0,0.0,0.0,0.0
uranium,PL,0.0,0.0,0.0,0.0,0.0,0.0,0.0,0.0,0.0,0.0,0.0,0.0,0.0,0.0,0.0
uranium,PT,0.0,0.0,0.0,0.0,0.0,0.0,0.0,0.0,0.0,0.0,0.0,0.0,0.0,0.0,0.0
uranium,RO,6.765324727286732,6.7653247214267225,6.765324715928256,6.765324716089519,6.765324716913801,6.765324721421158,6.765324721852725,6.765324722627697,6.765324722374682,6.7653247210735685,6.765324720999989,6.765324718075996,6.765324717262157,6.765324716955235,6.765324499832105
uranium,SE,17.18491242000233,17.184912417854193,13.604722317498323,13.60472231634304,8.197400716397448,8.197400709235717,5.703613115616972,2.93822489261822,2.9382248831816837,1.8228375895521944e-08,2.5631793720492638e-08,3.389902045922841e-08,4.471238622996975e-08,6.224449380521621e-08,1.240489641395184e-07
uranium,SI,1.7184912330475073,1.7184912313161773,1.7184912224256845,1.7184912060283208,1.7184912204248357,1.7184912168948363,1.7184912130276764,1.7184912077161638,7.334034793574263e-09,1.7060919827700754e-08,3.046768985111665e-08,4.1242034282786486e-08,6.381954498034107e-08,9.577228686811407e-08,1.951479403406723e-07
uranium,SK,6.62705531547666,6.627055308685383,2.3110744178419904,2.3110744092585875,2.311074424851278,2.3110744308236066,2.311074443819935,2.3110744579096636,2.311074476373054,2.3110744990943015,2.3110745305452074,2.311074578805426,2.3110746533071733,2.311074783437357,2.3110750898122467
uranium,UK,16.908373614068456,16.908373605199532,16.90837360056629,16.908373598352036,14.525695356829564,14.525695351173027,14.525695343528612,14.525695334690468,14.525695325116416,14.52569531017512,11.562779356957657,2.95797762754632,2.9579776131860847,2.95797760957816,1.0914759378706931e-07
oil,AT,1.465096528205842,1.1482744827831584,7.149533383566559e-08,2.8637921686117515e-08,2.9515123654803637e-08,4.5850834882285656e-08,5.9542399104683885e-08,8.161782393192251e-08,2.3732661990566077e-07,2.1625352273850279e-07,1.1081624905377167e-07,0.15006394598592745,0.15006403598246132,9.228229444417385e-08,1.0297079745202654e-07
oil,BE,3.58509410624598,3.2165895685451997,5.448238659690327e-07,3.0041849632000736e-08,4.3328659874895015e-08,9.160806872502748e-08,8.122071177461665e-07,0.4221212851037795,0.42212123818859604,4.319060040402534e-08,4.736787489148636e-08,7.059076477619298e-08,8.70708665020729e-08,6.377670763128755e-08,8.229022259193737e-08
oil,BG,0.32026374323136353,7.042182569860884e-08,3.503333307930179e-08,2.4025844881510758e-08,2.7284042429356026e-08,5.1570286276525813e-08,8.013612724731261e-08,3.948168463555031e-08,3.9707361790691365e-08,4.148415817994587e-08,4.558196733364316e-08,6.613600510691096e-08,8.553162751599548e-08,5.6983141056940734e-08,9.885970308134819e-08
oil,CH,2.0090623564223637,1.5746088280249746,7.011675468128558e-08,2.8512220549693332e-08,2.905321970805754e-08,4.4746270558608894e-08,5.2123298754853566e-08,7.507779378198358e-08,1.1819973858517852e-07,1.7497771475367037e-07,1.6509066684600686e-07,0.20577984895878618,0.20578025535061767,9.554082216578445e-08,1.0245132609927716e-07
oil,CZ,0.47500930923251433,0.4583018623570136,1.1918365986175268e-07,3.012424888977633e-08,3.616953815504164e-08,7.247891486779255e-08,7.846011962650366e-08,0.15837015001579438,0.08763711929461021,4.554227501991885e-08,4.716063858810405e-08,6.746689079367889e-08,8.187802103318798e-08,5.5256703629811e-08,7.930884712597933e-08
oil,DE,19.58407520626842,18.688718916788112,13.425334760564775,10.124149378433339,7.3621216230016975,5.508588663658787,4.779783025614848,7.09168725325057e-08,4.2998145312146605e-08,3.108610155204894e-08,2.783466521542413e-08,5.713433819242729e-08,7.53003898049767e-08,5.695672038259826e-08,7.370124196685352e-08
oil,DK,4.2541673902759784e-08,1.9127946986268786e-08,4.065571939487843e-08,5.263932324741559e-08,3.283877917063793e-08,3.171341463447599e-08,2.80401197340065e-08,2.2863441129194398e-08,1.799211008097133e-08,1.885287301511019e-08,1.7256193795726303e-08,2.457373020513005e-08,2.96250885728625e-08,2.453065077827787e-08,4.401311011029188e-08
oil,EE,4.339640599282137e-08,2.2427455565624828e-08,1.252029605354592e-07,5.849285801303511e-08,3.938232694189296e-08,3.5929851190041874e-08,3.125125278679773e-08,2.4293930617521912e-08,2.1555895060769956e-08,1.879198885234592e-08,1.970123961441906e-08,2.211130177101354e-08,3.0047072622931264e-08,2.371559233839482e-08,4.5278690262521026e-08
oil,EL,4.688327625488052e-08,1.4105031903251711e-08,2.6487412963889937e-08,3.4030763864142294e-08,2.671982057658917e-08,2.6752422262177915e-08,2.5382769758740134e-08,2.054184338171992e-08,1.9174580154823994e-08,1.9863061489257596e-08,2.0119259890324536e-08,2.7046062356221545e-08,2.9770571346849554e-08,2.3405393157849824e-08,4.465079666601763e-08
oil,ES,6.153169538615476,2.6120555890242205e-08,2.3574160277485526e-08,3.073814028113543e-08,0.44481675136086823,1.4286785887181845,0.8663937170307515,3.994297054224475e-08,3.0179983892070914e-08,2.5146686231451064e-08,2.5253784734419917e-08,3.604592337185022e-08,4.109634639056762e-08,3.291067662546199e-08,5.252249937339892e-08
oil,FI,4.387940437696319e-08,2.1819203292873897e-08,7.095372073442806e-08,7.1952913269509e-08,4.1199611288165946e-08,3.595446062409437e-08,3.109582740638399e-08,2.4142389244392908e-08,2.1802543048561944e-08,2.0108376101547846e-08,2.0311381877617168e-08,2.4655398044313736e-08,2.849014643326381e-08,2.3840478325549643e-08,4.415209617534414e-08
oil,FR,12.481319648495239,2.520611032465578e-07,4.177063347606883e-08,2.4427540849463304e-08,3.180050011757305e-08,5.173502437861122e-08,0.917528255149938,6.091924430125299e-07,1.7491447341361304e-07,4.503154882451263e-08,4.826650823934321e-08,6.394307132062464e-08,7.747351760539283e-08,5.6525078637826606e-08,7.744064241393752e-08
oil,HR,0.666974665160639,1.9794726007139857e-08,6.982522057998467e-08,0.00913395330736963,1.0802068516509374e-07,6.986590049212468e-08,4.436043879249217e-08,2.81650399256372e-08,2.4315911869431098e-08,2.543582852311151e-08,2.8580092402184258e-08,2.987700432513387e-08,3.977902883550996e-08,2.965528495106712e-08,5.4448498807797526e-08
oil,HU,0.9691903136684761,4.3825470785045086e-08,2.9287233587350917e-08,2.1990959601770526e-08,2.3698063838521356e-08,2.794113691781119e-08,6.336307705351173e-08,3.1681056900947093e-07,6.555338634305844e-08,5.636885907182212e-08,4.516800862966026e-08,1.1491117746484113e-07,1.3725855578762417e-07,5.065736323411424e-08,8.839569640543161e-08
oil,IE,1.3689664807494457,1.244424237995037,1.1519778539006837,0.44471477932235576,0.6188175153127614,0.8731595560830885,0.5090175845477323,0.31839174080768656,0.1297168205420405,0.009470012568603924,9.590488317828034e-08,0.00947026978530875,0.00947025453125697,7.665958181231609e-08,6.941013926979771e-08
oil,IT,7.549456457180653,2.862460674614292e-07,5.001117979264626,3.9160574712103027,7.342312443312227e-08,5.7743563373010626e-08,4.108233092682241e-08,2.6775843211122473e-08,2.3980813441596364e-08,2.2060328445678233e-08,2.222330435897996e-08,2.867676076433813e-08,3.361122398037683e-08,2.646452756610208e-08,4.6085579042501176e-08
oil,LT,4.292409421937625e-08,2.1728081478401923e-08,3.5136886670360015e-08,5.685008998878884e-08,3.3967042736542895e-08,3.240629031497722e-08,3.014397232776562e-08,2.3148739596800056e-08,2.102962755490904e-08,1.985479325261254e-08,2.027758431881902e-08,2.583980264678327e-08,2.8761922041336258e-08,2.4422052394644213e-08,4.519042614419919e-08
oil,LU,0.2730131671598783,0.23698031320542312,2.468104672527676e-07,2.9744936784631367e-08,3.342087390855682e-08,9.02559294327581e-08,0.04801216851602057,0.052592889207198144,0.05259286503512054,4.159317217468038e-08,4.252823162210712e-08,6.90705068438487e-08,8.490631421910154e-08,6.550439600904481e-08,7.758147119218753e-08
oil,LV,2.2142593432096647e-08,1.7819212176064884e-08,2.5485543044507952e-08,3.719009212258933e-08,2.7350485313697536e-08,2.7015131286695585e-08,2.5631308157522934e-08,2.046959508234224e-08,1.928692313827663e-08,1.7841886673428673e-08,1.8584783803485684e-08,2.2646956008022597e-08,2.7600679320472262e-08,2.3602506948880895e-08,4.4917406399828755e-08
oil,NL,0.8288394773172495,0.7578705123952787,0.7044656246756886,0.6738013727204707,0.5624463772465415,0.5088941220705084,0.3116786288164211,1.2574334383441866e-07,4.528647577464038e-08,2.884874820554776e-08,2.520871549829037e-08,3.650582766463103e-08,4.7853300296527165e-08,3.166390149014202e-08,5.5506313309153643e-08
oil,NO,1.6946257728234456e-08,5.23641844418456e-08,1.7570698236545902e-07,1.686433004591611e-07,4.432186376429504e-08,3.836846515417094e-08,3.171621601244853e-08,2.4153082677008624e-08,2.165157044161593e-08,2.3403061270968934e-08,2.273343127073523e-08,3.1030362750947366e-08,3.24218781567721e-08,2.522408342590613e-08,4.7234900436751774e-08
oil,PL,3.6331993507104876,1.8345496115619466,3.632683121586535,3.632683091610356,3.381713151977288,3.381712562436137,7.5601499752376e-08,3.4993523726780446e-08,2.8238205635291546e-08,2.408583254779543e-08,2.6243603808840314e-08,2.631226784045199e-08,3.2340557513236975e-08,2.643152370856648e-08,4.9187634520374015e-08
oil,PT,0.42214752175455195,3.342916649507869e-08,2.7019287495445996e-08,4.8169057199223666e-08,3.3865641695110774e-07,0.12133844870864888,0.11850485849030934,4.9092524720290966e-08,3.493414024835388e-08,2.806679777730136e-08,2.7833834448398334e-08,4.158793733714821e-08,4.319799844426528e-08,3.2953475848153565e-08,5.633504294529658e-08
oil,RO,0.6308874648809838,5.931279028985251e-08,4.26680322944269e-08,2.6717419759998245e-08,2.974070223582477e-08,3.883561370624466e-08,4.457984362763594e-08,5.551516911017637e-08,3.7548099783777865e-08,4.39002500184358e-08,5.188763620183014e-08,5.958825800436946e-08,9.259672494456721e-08,6.199662509328698e-08,9.576792692828279e-08
oil,SE,1.9000322591092117e-08,3.9726560407868454e-08,7.425897140829776e-08,9.691381607742324e-08,4.016501195539018e-08,3.524413812261684e-08,2.9987292526759006e-08,2.413381163668768e-08,1.8740841942418073e-08,2.0264890452406707e-08,1.9578330605901333e-08,2.5824647138894998e-08,2.7746107529058367e-08,2.348408505340547e-08,4.4523010818499733e-08
oil,SI,0.509664687726148,9.605860233695226e-08,1.9583786683707068e-07,0.022410200644304303,1.255419370269727e-07,7.650926746280028e-08,4.7615424483247135e-08,2.844720683323072e-08,2.445996539019224e-08,2.6026188784736954e-08,2.8253174263580875e-08,3.565546848695504e-08,4.124922829699331e-08,2.8864866646363382e-08,5.301823864281105e-08
oil,SK,0.07683501824838378,1.4365772820599033e-07,4.052137660993873e-08,2.2259696768857664e-08,2.709528578993228e-08,9.12291474614917e-08,8.439530690656747e-08,4.1082295833241135e-08,4.109382619556701e-08,4.628394208882765e-08,4.074848524876839e-08,6.763887665054668e-08,8.256948693385866e-08,5.138893404627491e-08,7.97925781537695e-08
oil,UK,4.604015787007157e-08,7.897176560120897e-08,4.623001892963778,4.324528535527745,8.836592615875076e-08,6.088377263855822e-08,4.0192249021879903e-08,2.7651172231803274e-08,2.2243818031992913e-08,1.917291152127964e-08,1.9023364459417986e-08,2.461345981364202e-08,3.268704750190013e-08,2.5270971160713218e-08,4.5407796094592987e-08
waste,AT,0.4606033620002271,0.43963446534122674,0.41848502871590154,0.4104289942239364,0.39720166658898903,0.38839925047482443,0.3237011643078272,0.2866423289452724,0.2546594464089982,0.20765359357800053,0.143510034952794,0.07414846449894281,0.05639750571006668,0.042977395178302236,2.4243672784774385e-07
waste,BE,0.04105096530746571,0.041050955937734265,0.04105094954198915,0.041050933376159594,0.0410509635411607,0.041050939963269695,0.041050946961788695,0.03344700038333323,0.028012413036917674,0.027429333500434066,0.02314229868644066,0.011840321648745362,0.009805956945952961,0.00038633857262153354,7.401277687249969e-08
waste,BG,0.016507571398396956,0.016507570874757394,0.016507573425235417,0.016507575837682906,0.016507568334293836,0.016507563544678482,0.016507569523114832,0.016507572879026745,0.016507562240299905,0.016507557913288538,0.016507582623956126,0.01650759491519425,0.01630575148279978,0.0013916129471028185,1.1475649955674378e-07
waste,CH,0.7214126147505617,0.6930015657444839,0.6643459012772069,0.6534306586739311,0.5990081650284684,0.526247367833344,0.43858705946516446,0.3883755449969985,0.34504150705624587,0.281352646980727,0.1944436792015594,0.10046474214358106,0.07641372441957599,0.058230639543193116,2.4455138707979485e-07
waste,CZ,0.1395010371006204,0.08627100105560513,0.08627099508769195,0.0807052751215558,0.07485887057352174,0.0645731781573218,0.0597217207746805,0.04861108425649544,0.04848148700599026,0.028032117440997886,0.02569910555942103,0.01440160277452113,0.007005729901123264,0.006675988957536649,7.319264141640323e-08
waste,DE,4.190819045455348,3.80665021744309,3.7610244486109745,3.7610244244807087,3.7610243896754096,3.204746168272435,1.9634501762742609,1.6822200750133285,1.2520949842432645,0.8492953257128287,3.6120656311510567e-08,0.0018432139412741537,0.3171550334023764,4.443253222549804e-08,5.701543082135788e-08
waste,DK,1.9551644377771784,1.8852352953086466,1.7637840970526897,1.6720940609506967,1.2546270188684803,1.1372780774628048,1.0761391082190654,2.845025490704888e-07,4.319857865085111e-08,3.2102987130554994e-08,2.009929643047737e-08,4.25627514274895e-08,1.1018421954968765e-07,2.870174886820396e-08,4.0320518616550365e-08
waste,EE,0.11025082043646582,0.1102507843997242,0.11025080501706473,0.11025076403813629,0.058541736405504904,0.05854170989324537,0.05854169140832969,0.03602005914877331,3.301089717926517e-08,2.4555000625414414e-08,3.195871844575909e-08,3.2234119169689655e-08,1.754938051956829e-07,2.617738853779556e-08,3.99796526759103e-08
waste,EL,1.3227110909227326e-08,1.557610991721998e-08,1.8847806497052826e-08,2.1522896625232956e-08,2.4383391373191496e-08,2.7783422136352045e-08,3.077287275779159e-08,2.4898553362693582e-08,2.0990986510642823e-08,2.2137567689156545e-08,2.1069125832189765e-08,3.370951995567345e-08,3.616443432049663e-08,2.0977218460487473e-08,3.6910633332114813e-08
waste,ES,0.33915141515316266,0.33915140855273296,0.33915141077281163,0.33915141350411604,0.16729441659962682,0.07300119688688655,0.07300115462988241,5.449033883780466e-08,3.857462782427543e-08,3.823648745337575e-08,3.357570037837228e-08,6.500066653809709e-08,5.4319215522769595e-08,3.505183362649506e-08,4.892697420631257e-08
waste,FI,1.292908771158657,1.2929087610803758,1.1907763920308523,1.0970243869529266,0.31353109242902805,0.3042925466255075,0.29337852300059214,0.13059044955417157,4.7923709393869264e-08,3.8551641100846586e-08,2.7913773374388144e-08,4.644232546681194e-08,5.5867549474332296e-08,2.5800220525288184e-08,3.726109270058112e-08
waste,FR,2.450708095875167,1.9130402683837684,1.6097486241635879,1.537201601229764,1.2468068336465743,1.0593186040849571,0.8402217238077478,0.5494012460124669,0.4537872941850059,0.4094292070493146,0.3312377823534665,0.20417564351156953,0.1605585319294133,0.07772059579317124,1.3083336426452465e-07
waste,HR,2.3219716347448002e-08,2.662596190692331e-08,3.149078397617418e-08,3.4683397919773885e-08,3.369807022708319e-08,3.734597818168059e-08,4.052166283183579e-08,3.984960688607781e-08,3.2290660605259825e-08,3.2696016010663796e-08,3.486517437328967e-08,4.3262009286476734e-08,6.645929487091392e-08,3.36413736472133e-08,5.0190290894950866e-08
waste,HU,0.07437626587897156,0.07437626510990396,0.07437626826014246,0.07437626763193697,0.07437625520619166,0.07437625580992933,0.07437625969198909,0.06766872018200491,0.06551878982250546,0.06551878802552685,0.06396463356514792,0.0453304749835,0.016854194705697483,8.607808174107239e-07,8.765303273049616e-08
waste,IE,0.18706558166183415,0.18706557389702505,0.18706557443665764,0.18706557338396365,0.18706557380538777,0.18706556981064018,0.18706554858460828,7.448350422771056e-08,4.6778961975602545e-08,4.629610186238127e-08,4.073181668783868e-08,5.223743017090679e-08,6.585422591326493e-08,4.1490026502284865e-08,5.079612769347203e-08
waste,IT,0.7690717485380237,0.7690717482597763,0.6375174913904853,0.5921958930773172,0.5313613049266195,0.16240152027958824,0.16240139833368608,8.561291185861954e-07,6.697875256822032e-08,4.674179720576384e-08,3.320597197081255e-08,8.496786266641261e-08,1.1612403461710925e-07,3.246983346854343e-08,3.8421589963247075e-08
waste,LT,0.32999817111408164,0.32999816611957894,0.3299981527660538,0.3299981520563683,0.13837011901410223,0.13837009077533435,0.13837007241584384,3.103851117226681e-07,4.377811505955612e-08,4.111404841479395e-08,3.23762411914158e-08,7.995476554493504e-08,6.399136650806154e-08,2.6004697847554008e-08,3.752327334414779e-08
waste,LU,2.207973535647129e-08,2.7070346788557066e-08,3.164944504663921e-08,3.4963610948876744e-08,3.90134463362135e-08,4.422940908894117e-08,5.089321333004206e-08,5.456318798748317e-08,5.758380022856257e-08,6.362090334050772e-08,6.165511914640945e-08,9.938844361345426e-08,1.2320891782966588e-07,1.3733219265673337e-07,6.866731730114843e-08
waste,LV,1.52236899186368e-08,1.9758721946200003e-08,2.460351168518999e-08,2.7708886901270555e-08,2.7802955572086496e-08,3.030616275428541e-08,3.319496537008996e-08,2.3995362678068847e-08,1.916469473482374e-08,2.0193048758071492e-08,2.1210594345702465e-08,3.0749313906232083e-08,3.714983819019359e-08,2.366883520727569e-08,4.048931186427148e-08
waste,NL,0.7753445870090887,0.7753445771118136,0.7753445657472179,0.7753445525163853,0.7753445337128964,0.7753444063651351,0.18525161577203755,0.18525155083661118,0.03108084620359677,0.03108077263540344,2.3494792888488506e-08,6.881347393612243e-08,7.949838833780708e-08,2.8788657206681585e-08,4.2253246835571903e-08
waste,NO,0.6751517480502304,0.6750342257888624,0.6636305282380067,0.6389663485836776,0.2781436622654627,0.2988825367496563,0.3022329608789363,1.3226147295116608e-07,3.533964420811233e-08,4.473701099646105e-08,2.935403778913279e-08,1.5979903713160532e-07,3.0164767509469216e-08,2.1170709022947265e-08,3.7437207576841894e-08
waste,PL,0.4564812831343027,0.4564812688496982,0.45648125945478524,0.4564812373659349,0.45648100907587685,0.29983303190231514,0.2998329098026853,0.2949300851044966,0.28182275356490377,1.4527498250488423e-07,8.907219967066331e-08,3.3615151213392e-08,4.254367793021653e-08,2.5392537734718108e-08,3.9683056417490876e-08
waste,PT,2.8651646834256213e-08,3.118174748311835e-08,3.533186742750485e-08,3.9591431612827406e-08,4.291333441477914e-08,4.7146608585086016e-08,5.0819690394883354e-08,5.16935679605982e-08,5.0600615189925596e-08,5.225041562353475e-08,4.503432045715175e-08,8.194381883204242e-08,6.995512148181311e-08,3.7640836470575665e-08,4.8121389094977447e-08
waste,RO,3.779997383515935e-08,4.021740877474243e-08,4.4458945163861e-08,4.758486509238232e-08,5.046677657560266e-08,5.244394383389861e-08,5.7975465299348485e-08,6.287940126951297e-08,6.811572281490526e-08,7.382100348864833e-08,7.826703873275178e-08,1.0705026639957434e-07,1.3143611440126847e-07,1.3637906588170508e-07,9.012084598824523e-08
waste,SE,2.49147331637734,2.491473313808191,2.402029724970197,2.3415712580113124,1.6025681758093528,0.8751564676147161,0.8314737965425847,0.4073207641606866,5.0902252773996045e-08,4.509293953563334e-08,3.084923108828396e-08,5.679610039285139e-08,3.613383628108089e-08,2.303573928291512e-08,3.709031950766145e-08
waste,SI,2.1915842399822416e-08,2.4870760296176635e-08,2.6530090821346933e-08,3.490491398603122e-08,3.2661652050854574e-08,3.6468660697033045e-08,4.352812776437295e-08,3.991713294269213e-08,3.248173554208347e-08,3.380987361620426e-08,3.4654248509401307e-08,5.478420779436443e-08,5.4276459130141087e-08,2.5994104587965738e-08,4.325512828370448e-08
waste,SK,3.418821142930464e-08,3.677775906415845e-08,3.958293405694189e-08,4.058447406885601e-08,4.5982926949878786e-08,5.795371896214568e-08,6.830816871240439e-08,6.73935914419189e-08,7.25443888998755e-08,8.094253298863528e-08,8.576417345963464e-08,1.0858252869507126e-07,1.2902203399243067e-07,1.1472694587603867e-07,9.597669853788399e-08
waste,UK,3.7782960923249784,3.629860305522975,3.598226448299709,3.491462190731004,0.02375322534514776,0.02375316414126234,0.023753132931444397,0.023753086187430803,3.2256102822183575e-08,3.075349363649134e-08,2.6489661141598834e-08,3.6423261415083634e-08,4.310111935702938e-08,2.41956801506031e-08,3.732527273793125e-08
